source,target,score,win,date
0,1,93.75,1,6/26/2022
2,3,21.875,0,6/26/2022
4,5,59.375,0,6/26/2022
6,7,21.875,0,6/26/2022
8,9,59.375,0,6/26/2022
10,11,21.875,0,6/26/2022
12,13,21.875,0,6/26/2022
14,15,78.125,0,6/26/2022
16,17,78.125,0,6/26/2022
18,19,21.875,0,6/26/2022
20,21,59.375,0,6/26/2022
22,23,21.875,0,6/26/2022
24,25,87.5,0,6/26/2022
26,27,21.875,0,6/26/2022
28,29,59.375,0,6/26/2022
30,31,21.875,0,6/26/2022
1,25,21.875,0,7/2/2022
17,16,59.375,0,7/2/2022
32,33,21.875,0,7/2/2022
2,34,78.125,0,7/2/2022
35,36,59.375,0,7/2/2022
14,8,21.875,0,7/2/2022
37,0,93.75,1,7/2/2022
38,18,21.875,0,7/2/2022
28,39,78.125,0,7/2/2022
29,6,21.875,0,7/2/2022
40,41,21.875,0,7/2/2022
12,13,59.375,0,7/2/2022
20,21,21.875,0,7/2/2022
42,43,87.5,0,7/2/2022
24,10,59.375,0,7/2/2022
30,31,21.875,0,7/2/2022
40,44,21.875,0,7/11/2022
40,45,21.875,0,7/11/2022
44,45,21.875,0,7/11/2022
30,29,59.375,0,7/11/2022
30,46,59.375,0,7/11/2022
29,46,59.375,0,7/11/2022
36,28,21.875,0,7/11/2022
36,39,21.875,0,7/11/2022
28,39,21.875,0,7/11/2022
47,43,93.75,1,7/11/2022
47,48,93.75,1,7/11/2022
43,48,93.75,1,7/11/2022
49,14,59.375,0,7/11/2022
49,50,59.375,0,7/11/2022
14,50,59.375,0,7/11/2022
16,51,21.875,0,7/11/2022
16,52,21.875,0,7/11/2022
51,52,21.875,0,7/11/2022
0,11,78.125,0,7/11/2022
0,9,78.125,0,7/11/2022
11,9,78.125,0,7/11/2022
13,12,21.875,0,7/11/2022
13,31,21.875,0,7/11/2022
12,31,21.875,0,7/11/2022
24,25,21.875,0,7/11/2022
24,42,21.875,0,7/11/2022
25,42,21.875,0,7/11/2022
53,54,78.125,0,7/11/2022
53,27,78.125,0,7/11/2022
54,27,78.125,0,7/11/2022
15,5,21.875,0,7/11/2022
15,55,21.875,0,7/11/2022
5,55,21.875,0,7/11/2022
38,35,59.375,0,7/11/2022
38,6,59.375,0,7/11/2022
35,6,59.375,0,7/11/2022
56,57,21.875,0,7/11/2022
56,58,21.875,0,7/11/2022
57,58,21.875,0,7/11/2022
33,59,59.375,0,7/11/2022
33,32,59.375,0,7/11/2022
59,32,59.375,0,7/11/2022
1,10,87.5,0,7/11/2022
1,37,87.5,0,7/11/2022
10,37,87.5,0,7/11/2022
60,2,21.875,0,7/11/2022
60,61,21.875,0,7/11/2022
2,61,21.875,0,7/11/2022
30,62,59.375,0,7/18/2022
30,29,59.375,0,7/18/2022
62,29,59.375,0,7/18/2022
28,36,21.875,0,7/18/2022
28,39,21.875,0,7/18/2022
36,39,21.875,0,7/18/2022
63,64,21.875,0,7/18/2022
63,65,21.875,0,7/18/2022
64,65,21.875,0,7/18/2022
32,47,78.125,0,7/18/2022
32,66,78.125,0,7/18/2022
47,66,78.125,0,7/18/2022
56,58,59.375,0,7/18/2022
56,57,59.375,0,7/18/2022
58,57,59.375,0,7/18/2022
22,67,21.875,0,7/18/2022
22,68,21.875,0,7/18/2022
67,68,21.875,0,7/18/2022
1,0,93.75,1,7/18/2022
1,24,93.75,1,7/18/2022
0,24,93.75,1,7/18/2022
7,69,21.875,0,7/18/2022
7,70,21.875,0,7/18/2022
69,70,21.875,0,7/18/2022
42,38,21.875,0,7/18/2022
42,71,21.875,0,7/18/2022
38,71,21.875,0,7/18/2022
43,72,59.375,0,7/18/2022
43,73,59.375,0,7/18/2022
72,73,59.375,0,7/18/2022
49,14,21.875,0,7/18/2022
49,50,21.875,0,7/18/2022
14,50,21.875,0,7/18/2022
37,25,87.5,0,7/18/2022
37,74,87.5,0,7/18/2022
25,74,87.5,0,7/18/2022
13,12,59.375,0,7/18/2022
13,75,59.375,0,7/18/2022
12,75,59.375,0,7/18/2022
40,76,21.875,0,7/18/2022
40,45,21.875,0,7/18/2022
76,45,21.875,0,7/18/2022
33,59,21.875,0,7/18/2022
33,6,21.875,0,7/18/2022
59,6,21.875,0,7/18/2022
16,35,78.125,0,7/18/2022
16,17,78.125,0,7/18/2022
35,17,78.125,0,7/18/2022
28,36,78.125,0,7/25/2022
28,35,78.125,0,7/25/2022
28,39,78.125,0,7/25/2022
36,35,78.125,0,7/25/2022
36,39,78.125,0,7/25/2022
35,39,78.125,0,7/25/2022
22,68,21.875,0,7/25/2022
22,23,21.875,0,7/25/2022
22,77,21.875,0,7/25/2022
68,23,21.875,0,7/25/2022
68,77,21.875,0,7/25/2022
23,77,21.875,0,7/25/2022
58,57,59.375,0,7/25/2022
58,32,59.375,0,7/25/2022
58,20,59.375,0,7/25/2022
57,32,59.375,0,7/25/2022
57,20,59.375,0,7/25/2022
32,20,59.375,0,7/25/2022
40,73,21.875,0,7/25/2022
40,78,21.875,0,7/25/2022
40,41,21.875,0,7/25/2022
73,78,21.875,0,7/25/2022
73,41,21.875,0,7/25/2022
78,41,21.875,0,7/25/2022
37,24,87.5,0,7/25/2022
37,25,87.5,0,7/25/2022
37,74,87.5,0,7/25/2022
24,25,87.5,0,7/25/2022
24,74,87.5,0,7/25/2022
25,74,87.5,0,7/25/2022
4,5,21.875,0,7/25/2022
4,15,21.875,0,7/25/2022
4,18,21.875,0,7/25/2022
5,15,21.875,0,7/25/2022
5,18,21.875,0,7/25/2022
15,18,21.875,0,7/25/2022
79,48,21.875,0,7/25/2022
79,76,21.875,0,7/25/2022
79,80,21.875,0,7/25/2022
48,76,21.875,0,7/25/2022
48,80,21.875,0,7/25/2022
76,80,21.875,0,7/25/2022
27,54,59.375,0,7/25/2022
27,53,59.375,0,7/25/2022
27,81,59.375,0,7/25/2022
54,53,59.375,0,7/25/2022
54,81,59.375,0,7/25/2022
53,81,59.375,0,7/25/2022
0,1,93.75,1,7/25/2022
0,82,93.75,1,7/25/2022
0,11,93.75,1,7/25/2022
1,82,93.75,1,7/25/2022
1,11,93.75,1,7/25/2022
82,11,93.75,1,7/25/2022
83,84,21.875,0,7/25/2022
83,85,21.875,0,7/25/2022
83,86,21.875,0,7/25/2022
84,85,21.875,0,7/25/2022
84,86,21.875,0,7/25/2022
85,86,21.875,0,7/25/2022
71,50,59.375,0,7/25/2022
71,49,59.375,0,7/25/2022
71,87,59.375,0,7/25/2022
50,49,59.375,0,7/25/2022
50,87,59.375,0,7/25/2022
49,87,59.375,0,7/25/2022
29,62,21.875,0,7/25/2022
29,66,21.875,0,7/25/2022
29,88,21.875,0,7/25/2022
62,66,21.875,0,7/25/2022
62,88,21.875,0,7/25/2022
66,88,21.875,0,7/25/2022
13,12,59.375,0,7/25/2022
13,46,59.375,0,7/25/2022
13,42,59.375,0,7/25/2022
12,46,59.375,0,7/25/2022
12,42,59.375,0,7/25/2022
46,42,59.375,0,7/25/2022
89,90,21.875,0,7/25/2022
89,59,21.875,0,7/25/2022
89,91,21.875,0,7/25/2022
90,59,21.875,0,7/25/2022
90,91,21.875,0,7/25/2022
59,91,21.875,0,7/25/2022
31,8,78.125,0,7/25/2022
31,55,78.125,0,7/25/2022
31,92,78.125,0,7/25/2022
8,55,78.125,0,7/25/2022
8,92,78.125,0,7/25/2022
55,92,78.125,0,7/25/2022
43,72,21.875,0,7/25/2022
43,38,21.875,0,7/25/2022
43,6,21.875,0,7/25/2022
72,38,21.875,0,7/25/2022
72,6,21.875,0,7/25/2022
38,6,21.875,0,7/25/2022
21,32,59.375,0,8/1/2022
21,66,59.375,0,8/1/2022
32,66,59.375,0,8/1/2022
14,43,21.875,0,8/1/2022
14,50,21.875,0,8/1/2022
43,50,21.875,0,8/1/2022
11,82,21.875,0,8/1/2022
11,55,21.875,0,8/1/2022
82,55,21.875,0,8/1/2022
37,93,93.75,1,8/1/2022
37,94,93.75,1,8/1/2022
93,94,93.75,1,8/1/2022
25,24,59.375,0,8/1/2022
25,17,59.375,0,8/1/2022
24,17,59.375,0,8/1/2022
42,47,21.875,0,8/1/2022
42,59,21.875,0,8/1/2022
47,59,21.875,0,8/1/2022
33,95,78.125,0,8/1/2022
33,96,78.125,0,8/1/2022
95,96,78.125,0,8/1/2022
35,36,21.875,0,8/1/2022
35,28,21.875,0,8/1/2022
36,28,21.875,0,8/1/2022
18,92,59.375,0,8/1/2022
18,97,59.375,0,8/1/2022
92,97,59.375,0,8/1/2022
56,98,21.875,0,8/1/2022
56,81,21.875,0,8/1/2022
98,81,21.875,0,8/1/2022
0,8,78.125,0,8/1/2022
0,26,78.125,0,8/1/2022
8,26,78.125,0,8/1/2022
30,62,21.875,0,8/1/2022
30,88,21.875,0,8/1/2022
62,88,21.875,0,8/1/2022
29,1,59.375,0,8/1/2022
29,99,59.375,0,8/1/2022
1,99,59.375,0,8/1/2022
40,38,21.875,0,8/1/2022
40,45,21.875,0,8/1/2022
38,45,21.875,0,8/1/2022
13,10,87.5,0,8/1/2022
13,46,87.5,0,8/1/2022
10,46,87.5,0,8/1/2022
31,100,21.875,0,8/1/2022
31,101,21.875,0,8/1/2022
100,101,21.875,0,8/1/2022
56,57,78.125,0,8/8/2022
56,58,78.125,0,8/8/2022
57,58,78.125,0,8/8/2022
40,66,21.875,0,8/8/2022
40,41,21.875,0,8/8/2022
66,41,21.875,0,8/8/2022
48,20,59.375,0,8/8/2022
48,88,59.375,0,8/8/2022
20,88,59.375,0,8/8/2022
98,102,21.875,0,8/8/2022
98,103,21.875,0,8/8/2022
102,103,21.875,0,8/8/2022
49,6,59.375,0,8/8/2022
49,50,59.375,0,8/8/2022
6,50,59.375,0,8/8/2022
71,82,21.875,0,8/8/2022
71,74,21.875,0,8/8/2022
82,74,21.875,0,8/8/2022
1,25,93.75,1,8/8/2022
1,0,93.75,1,8/8/2022
25,0,93.75,1,8/8/2022
18,97,21.875,0,8/8/2022
18,5,21.875,0,8/8/2022
97,5,21.875,0,8/8/2022
10,37,87.5,0,8/8/2022
10,11,87.5,0,8/8/2022
37,11,87.5,0,8/8/2022
42,38,21.875,0,8/8/2022
42,87,21.875,0,8/8/2022
38,87,21.875,0,8/8/2022
35,36,59.375,0,8/8/2022
35,28,59.375,0,8/8/2022
36,28,59.375,0,8/8/2022
33,95,21.875,0,8/8/2022
33,96,21.875,0,8/8/2022
95,96,21.875,0,8/8/2022
13,46,21.875,0,8/8/2022
13,12,21.875,0,8/8/2022
46,12,21.875,0,8/8/2022
14,104,59.375,0,8/8/2022
14,4,59.375,0,8/8/2022
104,4,59.375,0,8/8/2022
29,15,21.875,0,8/8/2022
29,30,21.875,0,8/8/2022
15,30,21.875,0,8/8/2022
31,92,78.125,0,8/8/2022
31,8,78.125,0,8/8/2022
92,8,78.125,0,8/8/2022
8,92,21.875,0,8/15/2022
2,34,59.375,0,nan
10,37,93.75,1,nan
71,72,21.875,0,nan
56,67,78.125,0,nan
29,105,21.875,0,nan
20,79,59.375,0,nan
6,33,21.875,0,nan
74,11,59.375,0,nan
14,17,21.875,0,nan
48,43,78.125,0,nan
40,78,21.875,0,nan
13,42,21.875,0,nan
4,30,59.375,0,nan
25,82,87.5,0,nan
31,55,21.875,0,nan
18,5,78.125,0,8/22/2022
18,2,78.125,0,8/22/2022
18,104,78.125,0,8/22/2022
5,2,78.125,0,8/22/2022
5,104,78.125,0,8/22/2022
2,104,78.125,0,8/22/2022
92,55,21.875,0,8/22/2022
92,8,21.875,0,8/22/2022
92,31,21.875,0,8/22/2022
55,8,21.875,0,8/22/2022
55,31,21.875,0,8/22/2022
8,31,21.875,0,8/22/2022
21,76,21.875,0,8/22/2022
21,106,21.875,0,8/22/2022
21,12,21.875,0,8/22/2022
76,106,21.875,0,8/22/2022
76,12,21.875,0,8/22/2022
106,12,21.875,0,8/22/2022
22,68,59.375,0,8/22/2022
22,23,59.375,0,8/22/2022
22,107,59.375,0,8/22/2022
68,23,59.375,0,8/22/2022
68,107,59.375,0,8/22/2022
23,107,59.375,0,8/22/2022
33,108,59.375,0,8/22/2022
33,95,59.375,0,8/22/2022
33,96,59.375,0,8/22/2022
108,95,59.375,0,8/22/2022
108,96,59.375,0,8/22/2022
95,96,59.375,0,8/22/2022
43,48,21.875,0,8/22/2022
43,109,21.875,0,8/22/2022
43,29,21.875,0,8/22/2022
48,109,21.875,0,8/22/2022
48,29,21.875,0,8/22/2022
109,29,21.875,0,8/22/2022
0,24,93.75,1,8/22/2022
0,10,93.75,1,8/22/2022
0,37,93.75,1,8/22/2022
24,10,93.75,1,8/22/2022
24,37,93.75,1,8/22/2022
10,37,93.75,1,8/22/2022
105,52,21.875,0,8/22/2022
105,51,21.875,0,8/22/2022
105,110,21.875,0,8/22/2022
52,51,21.875,0,8/22/2022
52,110,21.875,0,8/22/2022
51,110,21.875,0,8/22/2022
40,78,21.875,0,8/22/2022
40,73,21.875,0,8/22/2022
40,41,21.875,0,8/22/2022
78,73,21.875,0,8/22/2022
78,41,21.875,0,8/22/2022
73,41,21.875,0,8/22/2022
74,25,59.375,0,8/22/2022
74,11,59.375,0,8/22/2022
74,82,59.375,0,8/22/2022
25,11,59.375,0,8/22/2022
25,82,59.375,0,8/22/2022
11,82,59.375,0,8/22/2022
60,100,21.875,0,8/22/2022
60,103,21.875,0,8/22/2022
60,61,21.875,0,8/22/2022
100,103,21.875,0,8/22/2022
100,61,21.875,0,8/22/2022
103,61,21.875,0,8/22/2022
79,20,78.125,0,8/22/2022
79,6,78.125,0,8/22/2022
79,32,78.125,0,8/22/2022
20,6,78.125,0,8/22/2022
20,32,78.125,0,8/22/2022
6,32,78.125,0,8/22/2022
13,67,21.875,0,8/22/2022
13,42,21.875,0,8/22/2022
13,58,21.875,0,8/22/2022
67,42,21.875,0,8/22/2022
67,58,21.875,0,8/22/2022
42,58,21.875,0,8/22/2022
89,30,59.375,0,8/22/2022
89,111,59.375,0,8/22/2022
89,91,59.375,0,8/22/2022
30,111,59.375,0,8/22/2022
30,91,59.375,0,8/22/2022
111,91,59.375,0,8/22/2022
71,72,21.875,0,8/22/2022
71,45,21.875,0,8/22/2022
71,112,21.875,0,8/22/2022
72,45,21.875,0,8/22/2022
72,112,21.875,0,8/22/2022
45,112,21.875,0,8/22/2022
36,113,87.5,0,8/22/2022
36,39,87.5,0,8/22/2022
36,28,87.5,0,8/22/2022
113,39,87.5,0,8/22/2022
113,28,87.5,0,8/22/2022
39,28,87.5,0,8/22/2022
92,31,78.125,0,8/29/2022
92,8,78.125,0,8/29/2022
92,108,78.125,0,8/29/2022
31,8,78.125,0,8/29/2022
31,108,78.125,0,8/29/2022
8,108,78.125,0,8/29/2022
5,18,21.875,0,8/29/2022
5,104,21.875,0,8/29/2022
5,2,21.875,0,8/29/2022
18,104,21.875,0,8/29/2022
18,2,21.875,0,8/29/2022
104,2,21.875,0,8/29/2022
56,58,21.875,0,8/29/2022
56,67,21.875,0,8/29/2022
56,32,21.875,0,8/29/2022
58,67,21.875,0,8/29/2022
58,32,21.875,0,8/29/2022
67,32,21.875,0,8/29/2022
4,14,59.375,0,8/29/2022
4,15,59.375,0,8/29/2022
4,71,59.375,0,8/29/2022
14,15,59.375,0,8/29/2022
14,71,59.375,0,8/29/2022
15,71,59.375,0,8/29/2022
0,24,21.875,0,8/29/2022
0,1,21.875,0,8/29/2022
0,82,21.875,0,8/29/2022
24,1,21.875,0,8/29/2022
24,82,21.875,0,8/29/2022
1,82,21.875,0,8/29/2022
103,102,59.375,0,8/29/2022
103,59,59.375,0,8/29/2022
103,114,59.375,0,8/29/2022
102,59,59.375,0,8/29/2022
102,114,59.375,0,8/29/2022
59,114,59.375,0,8/29/2022
36,28,87.5,0,8/29/2022
36,39,87.5,0,8/29/2022
36,87,87.5,0,8/29/2022
28,39,87.5,0,8/29/2022
28,87,87.5,0,8/29/2022
39,87,87.5,0,8/29/2022
115,116,21.875,0,8/29/2022
115,117,21.875,0,8/29/2022
115,118,21.875,0,8/29/2022
116,117,21.875,0,8/29/2022
116,118,21.875,0,8/29/2022
117,118,21.875,0,8/29/2022
20,33,59.375,0,8/29/2022
20,6,59.375,0,8/29/2022
20,21,59.375,0,8/29/2022
33,6,59.375,0,8/29/2022
33,21,59.375,0,8/29/2022
6,21,59.375,0,8/29/2022
98,70,21.875,0,8/29/2022
98,81,21.875,0,8/29/2022
98,119,21.875,0,8/29/2022
70,81,21.875,0,8/29/2022
70,119,21.875,0,8/29/2022
81,119,21.875,0,8/29/2022
10,37,93.75,1,8/29/2022
10,25,93.75,1,8/29/2022
10,74,93.75,1,8/29/2022
37,25,93.75,1,8/29/2022
37,74,93.75,1,8/29/2022
25,74,93.75,1,8/29/2022
120,83,21.875,0,8/29/2022
120,121,21.875,0,8/29/2022
120,85,21.875,0,8/29/2022
83,121,21.875,0,8/29/2022
83,85,21.875,0,8/29/2022
121,85,21.875,0,8/29/2022
13,46,78.125,0,8/29/2022
13,42,78.125,0,8/29/2022
13,12,78.125,0,8/29/2022
46,42,78.125,0,8/29/2022
46,12,78.125,0,8/29/2022
42,12,78.125,0,8/29/2022
72,61,21.875,0,8/29/2022
72,60,21.875,0,8/29/2022
72,122,21.875,0,8/29/2022
61,60,21.875,0,8/29/2022
61,122,21.875,0,8/29/2022
60,122,21.875,0,8/29/2022
29,109,21.875,0,8/29/2022
29,43,21.875,0,8/29/2022
29,40,21.875,0,8/29/2022
109,43,21.875,0,8/29/2022
109,40,21.875,0,8/29/2022
43,40,21.875,0,8/29/2022
91,111,59.375,0,8/29/2022
91,89,59.375,0,8/29/2022
91,30,59.375,0,8/29/2022
111,89,59.375,0,8/29/2022
111,30,59.375,0,8/29/2022
89,30,59.375,0,8/29/2022
31,92,59.375,0,9/5/2022
31,55,59.375,0,9/5/2022
31,108,59.375,0,9/5/2022
92,55,59.375,0,9/5/2022
92,108,59.375,0,9/5/2022
55,108,59.375,0,9/5/2022
103,102,21.875,0,9/5/2022
103,59,21.875,0,9/5/2022
103,114,21.875,0,9/5/2022
102,59,21.875,0,9/5/2022
102,114,21.875,0,9/5/2022
59,114,21.875,0,9/5/2022
10,1,78.125,0,9/5/2022
10,25,78.125,0,9/5/2022
10,123,78.125,0,9/5/2022
1,25,78.125,0,9/5/2022
1,123,78.125,0,9/5/2022
25,123,78.125,0,9/5/2022
104,124,21.875,0,9/5/2022
104,61,21.875,0,9/5/2022
104,125,21.875,0,9/5/2022
124,61,21.875,0,9/5/2022
124,125,21.875,0,9/5/2022
61,125,21.875,0,9/5/2022
21,32,59.375,0,9/5/2022
21,38,59.375,0,9/5/2022
21,20,59.375,0,9/5/2022
32,38,59.375,0,9/5/2022
32,20,59.375,0,9/5/2022
38,20,59.375,0,9/5/2022
2,14,21.875,0,9/5/2022
2,76,21.875,0,9/5/2022
2,122,21.875,0,9/5/2022
14,76,21.875,0,9/5/2022
14,122,21.875,0,9/5/2022
76,122,21.875,0,9/5/2022
36,28,87.5,0,9/5/2022
36,39,87.5,0,9/5/2022
36,87,87.5,0,9/5/2022
28,39,87.5,0,9/5/2022
28,87,87.5,0,9/5/2022
39,87,87.5,0,9/5/2022
98,70,21.875,0,9/5/2022
98,81,21.875,0,9/5/2022
98,119,21.875,0,9/5/2022
70,81,21.875,0,9/5/2022
70,119,21.875,0,9/5/2022
81,119,21.875,0,9/5/2022
5,18,93.75,1,9/5/2022
5,6,93.75,1,9/5/2022
5,97,93.75,1,9/5/2022
18,6,93.75,1,9/5/2022
18,97,93.75,1,9/5/2022
6,97,93.75,1,9/5/2022
111,89,21.875,0,9/5/2022
111,30,21.875,0,9/5/2022
111,91,21.875,0,9/5/2022
89,30,21.875,0,9/5/2022
89,91,21.875,0,9/5/2022
30,91,21.875,0,9/5/2022
37,74,21.875,0,9/5/2022
37,24,21.875,0,9/5/2022
37,82,21.875,0,9/5/2022
74,24,21.875,0,9/5/2022
74,82,21.875,0,9/5/2022
24,82,21.875,0,9/5/2022
22,68,59.375,0,9/5/2022
22,23,59.375,0,9/5/2022
22,107,59.375,0,9/5/2022
68,23,59.375,0,9/5/2022
68,107,59.375,0,9/5/2022
23,107,59.375,0,9/5/2022
13,46,59.375,0,9/5/2022
13,42,59.375,0,9/5/2022
13,12,59.375,0,9/5/2022
46,42,59.375,0,9/5/2022
46,12,59.375,0,9/5/2022
42,12,59.375,0,9/5/2022
126,3,21.875,0,9/5/2022
126,127,21.875,0,9/5/2022
126,128,21.875,0,9/5/2022
3,127,21.875,0,9/5/2022
3,128,21.875,0,9/5/2022
127,128,21.875,0,9/5/2022
4,71,21.875,0,9/5/2022
4,72,21.875,0,9/5/2022
4,29,21.875,0,9/5/2022
71,72,21.875,0,9/5/2022
71,29,21.875,0,9/5/2022
72,29,21.875,0,9/5/2022
40,33,78.125,0,9/5/2022
40,73,78.125,0,9/5/2022
40,129,78.125,0,9/5/2022
33,73,78.125,0,9/5/2022
33,129,78.125,0,9/5/2022
73,129,78.125,0,9/5/2022
40,78,78.125,0,9/12/2022
40,32,78.125,0,9/12/2022
40,42,78.125,0,9/12/2022
78,32,78.125,0,9/12/2022
78,42,78.125,0,9/12/2022
32,42,78.125,0,9/12/2022
79,76,21.875,0,9/12/2022
79,73,21.875,0,9/12/2022
79,66,21.875,0,9/12/2022
76,73,21.875,0,9/12/2022
76,66,21.875,0,9/12/2022
73,66,21.875,0,9/12/2022
37,74,59.375,0,9/12/2022
37,25,59.375,0,9/12/2022
37,0,59.375,0,9/12/2022
74,25,59.375,0,9/12/2022
74,0,59.375,0,9/12/2022
25,0,59.375,0,9/12/2022
98,119,21.875,0,9/12/2022
98,81,21.875,0,9/12/2022
98,26,21.875,0,9/12/2022
119,81,21.875,0,9/12/2022
119,26,21.875,0,9/12/2022
81,26,21.875,0,9/12/2022
36,39,59.375,0,9/12/2022
36,87,59.375,0,9/12/2022
36,130,59.375,0,9/12/2022
39,87,59.375,0,9/12/2022
39,130,59.375,0,9/12/2022
87,130,59.375,0,9/12/2022
104,131,21.875,0,9/12/2022
104,124,21.875,0,9/12/2022
104,132,21.875,0,9/12/2022
131,124,21.875,0,9/12/2022
131,132,21.875,0,9/12/2022
124,132,21.875,0,9/12/2022
6,38,93.75,1,9/12/2022
6,59,93.75,1,9/12/2022
6,5,93.75,1,9/12/2022
38,59,93.75,1,9/12/2022
38,5,93.75,1,9/12/2022
59,5,93.75,1,9/12/2022
133,103,21.875,0,9/12/2022
133,2,21.875,0,9/12/2022
133,134,21.875,0,9/12/2022
103,2,21.875,0,9/12/2022
103,134,21.875,0,9/12/2022
2,134,21.875,0,9/12/2022
92,55,87.5,0,9/12/2022
92,8,87.5,0,9/12/2022
92,31,87.5,0,9/12/2022
55,8,87.5,0,9/12/2022
55,31,87.5,0,9/12/2022
8,31,87.5,0,9/12/2022
10,9,21.875,0,9/12/2022
10,1,21.875,0,9/12/2022
10,82,21.875,0,9/12/2022
9,1,21.875,0,9/12/2022
9,82,21.875,0,9/12/2022
1,82,21.875,0,9/12/2022
126,99,59.375,0,9/12/2022
126,127,59.375,0,9/12/2022
126,135,59.375,0,9/12/2022
99,127,59.375,0,9/12/2022
99,135,59.375,0,9/12/2022
127,135,59.375,0,9/12/2022
13,12,21.875,0,9/12/2022
13,20,21.875,0,9/12/2022
13,21,21.875,0,9/12/2022
12,20,21.875,0,9/12/2022
12,21,21.875,0,9/12/2022
20,21,21.875,0,9/12/2022
136,137,59.375,0,9/12/2022
136,138,59.375,0,9/12/2022
136,139,59.375,0,9/12/2022
137,138,59.375,0,9/12/2022
137,139,59.375,0,9/12/2022
138,139,59.375,0,9/12/2022
4,30,78.125,0,9/12/2022
4,71,78.125,0,9/12/2022
4,108,78.125,0,9/12/2022
30,71,78.125,0,9/12/2022
30,108,78.125,0,9/12/2022
71,108,78.125,0,9/12/2022
33,140,21.875,0,9/12/2022
33,141,21.875,0,9/12/2022
33,142,21.875,0,9/12/2022
140,141,21.875,0,9/12/2022
140,142,21.875,0,9/12/2022
141,142,21.875,0,9/12/2022
92,31,78.125,0,9/19/2022
92,8,78.125,0,9/19/2022
31,8,78.125,0,9/19/2022
143,144,21.875,0,9/19/2022
143,73,21.875,0,9/19/2022
144,73,21.875,0,9/19/2022
37,74,59.375,0,9/19/2022
37,25,59.375,0,9/19/2022
74,25,59.375,0,9/19/2022
133,121,21.875,0,9/19/2022
133,83,21.875,0,9/19/2022
121,83,21.875,0,9/19/2022
38,5,93.75,1,9/19/2022
38,6,93.75,1,9/19/2022
5,6,93.75,1,9/19/2022
22,23,25.0,0,9/19/2022
22,68,25.0,0,9/19/2022
23,68,25.0,0,9/19/2022
89,58,59.375,0,9/19/2022
89,57,59.375,0,9/19/2022
58,57,59.375,0,9/19/2022
79,145,21.875,0,9/19/2022
79,76,21.875,0,9/19/2022
145,76,21.875,0,9/19/2022
20,78,59.375,0,9/19/2022
20,40,59.375,0,9/19/2022
78,40,59.375,0,9/19/2022
136,139,21.875,0,9/19/2022
136,138,21.875,0,9/19/2022
139,138,21.875,0,9/19/2022
36,39,87.5,0,9/19/2022
36,28,87.5,0,9/19/2022
39,28,87.5,0,9/19/2022
65,21,21.875,0,9/19/2022
65,146,21.875,0,9/19/2022
21,146,21.875,0,9/19/2022
13,12,78.125,0,9/19/2022
13,46,78.125,0,9/19/2022
12,46,78.125,0,9/19/2022
15,18,21.875,0,9/19/2022
15,30,21.875,0,9/19/2022
18,30,21.875,0,9/19/2022
108,147,59.375,0,9/19/2022
108,33,59.375,0,9/19/2022
147,33,59.375,0,9/19/2022
4,71,21.875,0,9/19/2022
4,55,21.875,0,9/19/2022
71,55,21.875,0,9/19/2022
145,76,21.875,0,9/27/2022
145,48,21.875,0,9/27/2022
76,48,21.875,0,9/27/2022
65,146,78.125,0,9/27/2022
65,122,78.125,0,9/27/2022
146,122,78.125,0,9/27/2022
28,36,21.875,0,9/27/2022
28,39,21.875,0,9/27/2022
36,39,21.875,0,9/27/2022
60,33,59.375,0,9/27/2022
60,91,59.375,0,9/27/2022
33,91,59.375,0,9/27/2022
32,73,59.375,0,9/27/2022
32,40,59.375,0,9/27/2022
73,40,59.375,0,9/27/2022
124,104,21.875,0,9/27/2022
124,131,21.875,0,9/27/2022
104,131,21.875,0,9/27/2022
10,25,21.875,0,9/27/2022
10,74,21.875,0,9/27/2022
25,74,21.875,0,9/27/2022
57,103,93.75,1,9/27/2022
57,2,93.75,1,9/27/2022
103,2,93.75,1,9/27/2022
6,5,87.5,0,9/27/2022
6,38,87.5,0,9/27/2022
5,38,87.5,0,9/27/2022
18,15,21.875,0,9/27/2022
18,148,21.875,0,9/27/2022
15,148,21.875,0,9/27/2022
13,12,59.375,0,9/27/2022
13,31,59.375,0,9/27/2022
12,31,59.375,0,9/27/2022
71,82,21.875,0,9/27/2022
71,149,21.875,0,9/27/2022
82,149,21.875,0,9/27/2022
108,20,78.125,0,9/27/2022
108,21,78.125,0,9/27/2022
20,21,78.125,0,9/27/2022
30,89,21.875,0,9/27/2022
30,63,21.875,0,9/27/2022
89,63,21.875,0,9/27/2022
55,92,59.375,0,9/27/2022
55,8,59.375,0,9/27/2022
92,8,59.375,0,9/27/2022
107,134,21.875,0,9/27/2022
107,46,21.875,0,9/27/2022
134,46,21.875,0,9/27/2022
33,73,59.375,0,10/3/2022
33,126,59.375,0,10/3/2022
73,126,59.375,0,10/3/2022
20,35,21.875,0,10/3/2022
20,18,21.875,0,10/3/2022
35,18,21.875,0,10/3/2022
58,4,21.875,0,10/3/2022
58,64,21.875,0,10/3/2022
4,64,21.875,0,10/3/2022
36,76,78.125,0,10/3/2022
36,12,78.125,0,10/3/2022
76,12,78.125,0,10/3/2022
38,68,21.875,0,10/3/2022
38,65,21.875,0,10/3/2022
68,65,21.875,0,10/3/2022
21,13,87.5,0,10/3/2022
21,89,87.5,0,10/3/2022
13,89,87.5,0,10/3/2022
37,9,59.375,0,10/3/2022
37,55,59.375,0,10/3/2022
9,55,59.375,0,10/3/2022
1,31,21.875,0,10/3/2022
1,51,21.875,0,10/3/2022
31,51,21.875,0,10/3/2022
48,30,21.875,0,10/3/2022
48,87,21.875,0,10/3/2022
30,87,21.875,0,10/3/2022
5,8,59.375,0,10/3/2022
5,111,59.375,0,10/3/2022
8,111,59.375,0,10/3/2022
39,83,78.125,0,10/3/2022
39,56,78.125,0,10/3/2022
83,56,78.125,0,10/3/2022
11,14,21.875,0,10/3/2022
11,45,21.875,0,10/3/2022
14,45,21.875,0,10/3/2022
6,79,93.75,1,10/3/2022
6,146,93.75,1,10/3/2022
79,146,93.75,1,10/3/2022
74,2,21.875,0,10/3/2022
74,15,21.875,0,10/3/2022
2,15,21.875,0,10/3/2022
28,40,21.875,0,10/3/2022
28,150,21.875,0,10/3/2022
40,150,21.875,0,10/3/2022
108,67,59.375,0,10/3/2022
108,91,59.375,0,10/3/2022
67,91,59.375,0,10/3/2022
20,21,21.875,0,10/17/2022
74,9,87.5,0,10/17/2022
1,0,59.375,0,10/17/2022
30,89,21.875,0,10/17/2022
38,6,59.375,0,10/17/2022
4,71,21.875,0,10/17/2022
31,8,78.125,0,10/17/2022
65,146,21.875,0,10/17/2022
13,12,21.875,0,10/17/2022
108,33,59.375,0,10/17/2022
113,36,78.125,0,10/17/2022
40,48,21.875,0,10/17/2022
37,25,59.375,0,10/17/2022
5,104,21.875,0,10/17/2022
92,55,93.75,1,10/17/2022
56,57,21.875,0,10/17/2022
37,1,59.375,0,10/24/2022
18,15,21.875,0,10/24/2022
42,40,78.125,0,10/24/2022
30,4,21.875,0,10/24/2022
13,38,87.5,0,10/24/2022
83,85,21.875,0,10/24/2022
31,8,21.875,0,10/24/2022
136,139,59.375,0,10/24/2022
92,55,78.125,0,10/24/2022
70,129,21.875,0,10/24/2022
74,9,21.875,0,10/24/2022
104,148,59.375,0,10/24/2022
2,5,93.75,1,10/24/2022
90,151,21.875,0,10/24/2022
56,69,21.875,0,10/24/2022
108,68,59.375,0,10/24/2022
4,31,21.875,0,10/31/2022
4,30,21.875,0,10/31/2022
31,30,21.875,0,10/31/2022
23,68,78.125,0,10/31/2022
23,99,78.125,0,10/31/2022
68,99,78.125,0,10/31/2022
38,39,59.375,0,10/31/2022
38,57,59.375,0,10/31/2022
39,57,59.375,0,10/31/2022
102,138,21.875,0,10/31/2022
102,152,21.875,0,10/31/2022
138,152,21.875,0,10/31/2022
37,42,59.375,0,10/31/2022
37,1,59.375,0,10/31/2022
42,1,59.375,0,10/31/2022
15,5,21.875,0,10/31/2022
15,153,21.875,0,10/31/2022
5,153,21.875,0,10/31/2022
13,12,21.875,0,10/31/2022
13,6,21.875,0,10/31/2022
12,6,21.875,0,10/31/2022
79,143,87.5,0,10/31/2022
79,66,87.5,0,10/31/2022
143,66,87.5,0,10/31/2022
56,63,59.375,0,10/31/2022
56,74,59.375,0,10/31/2022
63,74,59.375,0,10/31/2022
69,70,21.875,0,10/31/2022
69,98,21.875,0,10/31/2022
70,98,21.875,0,10/31/2022
55,92,93.75,1,10/31/2022
55,8,93.75,1,10/31/2022
92,8,93.75,1,10/31/2022
136,137,21.875,0,10/31/2022
136,139,21.875,0,10/31/2022
137,139,21.875,0,10/31/2022
20,21,21.875,0,10/31/2022
20,73,21.875,0,10/31/2022
21,73,21.875,0,10/31/2022
154,124,59.375,0,10/31/2022
154,155,59.375,0,10/31/2022
124,155,59.375,0,10/31/2022
18,148,21.875,0,10/31/2022
18,104,21.875,0,10/31/2022
148,104,21.875,0,10/31/2022
65,146,78.125,0,10/31/2022
65,115,78.125,0,10/31/2022
146,115,78.125,0,10/31/2022
73,66,59.375,0,11/7/2022
73,40,59.375,0,11/7/2022
73,78,59.375,0,11/7/2022
66,40,59.375,0,11/7/2022
66,78,59.375,0,11/7/2022
40,78,59.375,0,11/7/2022
147,145,21.875,0,11/7/2022
147,64,21.875,0,11/7/2022
147,109,21.875,0,11/7/2022
145,64,21.875,0,11/7/2022
145,109,21.875,0,11/7/2022
64,109,21.875,0,11/7/2022
6,38,93.75,1,11/7/2022
6,65,93.75,1,11/7/2022
6,146,93.75,1,11/7/2022
38,65,93.75,1,11/7/2022
38,146,93.75,1,11/7/2022
65,146,93.75,1,11/7/2022
136,139,21.875,0,11/7/2022
136,138,21.875,0,11/7/2022
136,137,21.875,0,11/7/2022
139,138,21.875,0,11/7/2022
139,137,21.875,0,11/7/2022
138,137,21.875,0,11/7/2022
143,79,21.875,0,11/7/2022
143,48,21.875,0,11/7/2022
143,144,21.875,0,11/7/2022
79,48,21.875,0,11/7/2022
79,144,21.875,0,11/7/2022
48,144,21.875,0,11/7/2022
5,15,78.125,0,11/7/2022
5,18,78.125,0,11/7/2022
5,153,78.125,0,11/7/2022
15,18,78.125,0,11/7/2022
15,153,78.125,0,11/7/2022
18,153,78.125,0,11/7/2022
13,12,59.375,0,11/7/2022
13,42,59.375,0,11/7/2022
13,21,59.375,0,11/7/2022
12,42,59.375,0,11/7/2022
12,21,59.375,0,11/7/2022
42,21,59.375,0,11/7/2022
155,156,21.875,0,11/7/2022
155,121,21.875,0,11/7/2022
155,133,21.875,0,11/7/2022
156,121,21.875,0,11/7/2022
156,133,21.875,0,11/7/2022
121,133,21.875,0,11/7/2022
91,157,21.875,0,11/7/2022
91,33,21.875,0,11/7/2022
91,108,21.875,0,11/7/2022
157,33,21.875,0,11/7/2022
157,108,21.875,0,11/7/2022
33,108,21.875,0,11/7/2022
7,158,59.375,0,11/7/2022
7,159,59.375,0,11/7/2022
7,116,59.375,0,11/7/2022
158,159,59.375,0,11/7/2022
158,116,59.375,0,11/7/2022
159,116,59.375,0,11/7/2022
30,57,78.125,0,11/7/2022
30,148,78.125,0,11/7/2022
30,4,78.125,0,11/7/2022
57,148,78.125,0,11/7/2022
57,4,78.125,0,11/7/2022
148,4,78.125,0,11/7/2022
69,70,21.875,0,11/7/2022
69,160,21.875,0,11/7/2022
69,135,21.875,0,11/7/2022
70,160,21.875,0,11/7/2022
70,135,21.875,0,11/7/2022
160,135,21.875,0,11/7/2022
56,111,59.375,0,11/7/2022
56,43,59.375,0,11/7/2022
111,43,59.375,0,11/7/2022
115,161,21.875,0,11/7/2022
115,117,21.875,0,11/7/2022
115,118,21.875,0,11/7/2022
161,117,21.875,0,11/7/2022
161,118,21.875,0,11/7/2022
117,118,21.875,0,11/7/2022
31,8,87.5,0,11/7/2022
31,55,87.5,0,11/7/2022
31,92,87.5,0,11/7/2022
8,55,87.5,0,11/7/2022
8,92,87.5,0,11/7/2022
55,92,87.5,0,11/7/2022
22,68,21.875,0,11/7/2022
22,23,21.875,0,11/7/2022
22,107,21.875,0,11/7/2022
68,23,21.875,0,11/7/2022
68,107,21.875,0,11/7/2022
23,107,21.875,0,11/7/2022
6,56,78.125,0,11/14/2022
6,108,78.125,0,11/14/2022
56,108,78.125,0,11/14/2022
143,162,21.875,0,11/14/2022
143,144,21.875,0,11/14/2022
162,144,21.875,0,11/14/2022
21,59,21.875,0,11/14/2022
21,66,21.875,0,11/14/2022
59,66,21.875,0,11/14/2022
9,33,59.375,0,11/14/2022
9,74,59.375,0,11/14/2022
33,74,59.375,0,11/14/2022
55,146,87.5,0,11/14/2022
55,4,87.5,0,11/14/2022
146,4,87.5,0,11/14/2022
161,115,21.875,0,11/14/2022
161,125,21.875,0,11/14/2022
115,125,21.875,0,11/14/2022
37,1,59.375,0,11/14/2022
37,42,59.375,0,11/14/2022
1,42,59.375,0,11/14/2022
79,76,21.875,0,11/14/2022
79,48,21.875,0,11/14/2022
76,48,21.875,0,11/14/2022
5,153,93.75,1,11/14/2022
5,38,93.75,1,11/14/2022
153,38,93.75,1,11/14/2022
51,163,21.875,0,11/14/2022
51,111,21.875,0,11/14/2022
163,111,21.875,0,11/14/2022
30,148,21.875,0,11/14/2022
30,57,21.875,0,11/14/2022
148,57,21.875,0,11/14/2022
12,134,59.375,0,11/14/2022
12,14,59.375,0,11/14/2022
134,14,59.375,0,11/14/2022
13,92,21.875,0,11/14/2022
13,31,21.875,0,11/14/2022
92,31,21.875,0,11/14/2022
41,73,59.375,0,11/14/2022
41,45,59.375,0,11/14/2022
73,45,59.375,0,11/14/2022
32,40,78.125,0,11/14/2022
32,20,78.125,0,11/14/2022
40,20,78.125,0,11/14/2022
18,15,21.875,0,11/14/2022
18,122,21.875,0,11/14/2022
15,122,21.875,0,11/14/2022
31,40,59.375,0,11/21/2022
31,133,59.375,0,11/21/2022
40,133,59.375,0,11/21/2022
108,15,21.875,0,11/21/2022
108,61,21.875,0,11/21/2022
15,61,21.875,0,11/21/2022
48,18,21.875,0,11/21/2022
48,144,21.875,0,11/21/2022
18,144,21.875,0,11/21/2022
5,104,78.125,0,11/21/2022
5,68,78.125,0,11/21/2022
104,68,78.125,0,11/21/2022
37,164,59.375,0,11/21/2022
37,135,59.375,0,11/21/2022
164,135,59.375,0,11/21/2022
38,22,21.875,0,11/21/2022
38,1,21.875,0,11/21/2022
22,1,21.875,0,11/21/2022
8,9,93.75,1,11/21/2022
8,116,93.75,1,11/21/2022
9,116,93.75,1,11/21/2022
21,79,21.875,0,11/21/2022
21,136,21.875,0,11/21/2022
79,136,21.875,0,11/21/2022
42,155,59.375,0,11/21/2022
42,143,59.375,0,11/21/2022
155,143,59.375,0,11/21/2022
58,109,21.875,0,11/21/2022
58,45,21.875,0,11/21/2022
109,45,21.875,0,11/21/2022
6,153,78.125,0,11/21/2022
6,99,78.125,0,11/21/2022
153,99,78.125,0,11/21/2022
148,64,21.875,0,11/21/2022
148,13,21.875,0,11/21/2022
64,13,21.875,0,11/21/2022
4,161,59.375,0,11/21/2022
4,165,59.375,0,11/21/2022
161,165,59.375,0,11/21/2022
74,12,21.875,0,11/21/2022
74,115,21.875,0,11/21/2022
12,115,21.875,0,11/21/2022
65,30,87.5,0,11/21/2022
65,92,87.5,0,11/21/2022
30,92,87.5,0,11/21/2022
55,43,21.875,0,11/21/2022
55,90,21.875,0,11/21/2022
43,90,21.875,0,11/21/2022
55,92,78.125,0,11/28/2022
55,31,78.125,0,11/28/2022
92,31,78.125,0,11/28/2022
22,144,21.875,0,11/28/2022
22,107,21.875,0,11/28/2022
144,107,21.875,0,11/28/2022
13,12,21.875,0,11/28/2022
13,21,21.875,0,11/28/2022
12,21,21.875,0,11/28/2022
166,85,59.375,0,11/28/2022
166,83,59.375,0,11/28/2022
85,83,59.375,0,11/28/2022
4,6,21.875,0,11/28/2022
4,148,21.875,0,11/28/2022
6,148,21.875,0,11/28/2022
147,111,59.375,0,11/28/2022
147,63,59.375,0,11/28/2022
111,63,59.375,0,11/28/2022
40,20,93.75,1,11/28/2022
40,78,93.75,1,11/28/2022
20,78,93.75,1,11/28/2022
165,167,21.875,0,11/28/2022
165,58,21.875,0,11/28/2022
167,58,21.875,0,11/28/2022
65,108,87.5,0,11/28/2022
65,8,87.5,0,11/28/2022
108,8,87.5,0,11/28/2022
73,45,21.875,0,11/28/2022
73,41,21.875,0,11/28/2022
45,41,21.875,0,11/28/2022
5,15,59.375,0,11/28/2022
5,153,59.375,0,11/28/2022
15,153,59.375,0,11/28/2022
99,23,21.875,0,11/28/2022
99,68,21.875,0,11/28/2022
23,68,21.875,0,11/28/2022
42,36,78.125,0,11/28/2022
42,38,78.125,0,11/28/2022
36,38,78.125,0,11/28/2022
56,168,21.875,0,11/28/2022
56,169,21.875,0,11/28/2022
168,169,21.875,0,11/28/2022
74,9,21.875,0,11/28/2022
74,33,21.875,0,11/28/2022
9,33,21.875,0,11/28/2022
115,161,59.375,0,11/28/2022
115,117,59.375,0,11/28/2022
161,117,59.375,0,11/28/2022
8,55,21.875,0,12/5/2022
73,41,59.375,0,12/5/2022
59,21,21.875,0,12/5/2022
99,70,87.5,0,12/5/2022
65,147,78.125,0,12/5/2022
115,161,21.875,0,12/5/2022
13,9,59.375,0,12/5/2022
111,33,21.875,0,12/5/2022
92,31,93.75,1,12/5/2022
12,170,21.875,0,12/5/2022
108,63,21.875,0,12/5/2022
4,165,59.375,0,12/5/2022
20,171,59.375,0,12/5/2022
15,153,21.875,0,12/5/2022
38,5,78.125,0,12/5/2022
68,23,21.875,0,12/5/2022
18,153,62.5,0,12/12/2022
18,5,62.5,0,12/12/2022
18,148,62.5,0,12/12/2022
153,5,62.5,0,12/12/2022
153,148,62.5,0,12/12/2022
5,148,62.5,0,12/12/2022
1,9,75.0,0,12/12/2022
1,42,75.0,0,12/12/2022
1,71,75.0,0,12/12/2022
9,42,75.0,0,12/12/2022
9,71,75.0,0,12/12/2022
42,71,75.0,0,12/12/2022
6,146,31.25,0,12/12/2022
6,38,31.25,0,12/12/2022
6,56,31.25,0,12/12/2022
146,38,31.25,0,12/12/2022
146,56,31.25,0,12/12/2022
38,56,31.25,0,12/12/2022
144,73,6.25,0,12/12/2022
144,76,6.25,0,12/12/2022
144,143,6.25,0,12/12/2022
73,76,6.25,0,12/12/2022
73,143,6.25,0,12/12/2022
76,143,6.25,0,12/12/2022
13,12,6.25,0,12/12/2022
13,40,6.25,0,12/12/2022
13,78,6.25,0,12/12/2022
12,40,6.25,0,12/12/2022
12,78,6.25,0,12/12/2022
40,78,6.25,0,12/12/2022
48,172,31.25,0,12/12/2022
48,20,31.25,0,12/12/2022
48,21,31.25,0,12/12/2022
172,20,31.25,0,12/12/2022
172,21,31.25,0,12/12/2022
20,21,31.25,0,12/12/2022
92,55,87.5,1,12/12/2022
92,8,87.5,1,12/12/2022
92,31,87.5,1,12/12/2022
55,8,87.5,1,12/12/2022
55,31,87.5,1,12/12/2022
8,31,87.5,1,12/12/2022
173,174,50.0,0,12/12/2022
173,159,50.0,0,12/12/2022
173,135,50.0,0,12/12/2022
174,159,50.0,0,12/12/2022
174,135,50.0,0,12/12/2022
159,135,50.0,0,12/12/2022
92,31,87.5,1,12/19/2022
92,8,87.5,1,12/19/2022
31,8,87.5,1,12/19/2022
21,30,6.25,0,12/19/2022
21,56,6.25,0,12/19/2022
30,56,6.25,0,12/19/2022
13,12,62.5,0,12/19/2022
13,65,62.5,0,12/19/2022
12,65,62.5,0,12/19/2022
33,1,31.25,0,12/19/2022
33,9,31.25,0,12/19/2022
1,9,31.25,0,12/19/2022
40,20,50.0,0,12/19/2022
40,73,50.0,0,12/19/2022
20,73,50.0,0,12/19/2022
58,15,75.0,0,12/19/2022
58,18,75.0,0,12/19/2022
15,18,75.0,0,12/19/2022
38,5,6.25,0,12/19/2022
38,6,6.25,0,12/19/2022
5,6,6.25,0,12/19/2022
4,71,31.25,0,12/19/2022
4,43,31.25,0,12/19/2022
71,43,31.25,0,12/19/2022
108,18,31.25,0,12/27/2022
108,136,31.25,0,12/27/2022
18,136,31.25,0,12/27/2022
5,12,31.25,0,12/27/2022
5,115,31.25,0,12/27/2022
12,115,31.25,0,12/27/2022
36,111,75.0,0,12/27/2022
36,31,75.0,0,12/27/2022
111,31,75.0,0,12/27/2022
35,13,6.25,0,12/27/2022
35,135,6.25,0,12/27/2022
13,135,6.25,0,12/27/2022
8,30,62.5,0,12/27/2022
8,138,62.5,0,12/27/2022
30,138,62.5,0,12/27/2022
42,4,6.25,0,12/27/2022
42,139,6.25,0,12/27/2022
4,139,6.25,0,12/27/2022
15,43,50.0,0,12/27/2022
15,137,50.0,0,12/27/2022
43,137,50.0,0,12/27/2022
55,9,87.5,1,12/27/2022
55,68,87.5,1,12/27/2022
9,68,87.5,1,12/27/2022
29,67,6.25,0,1/2/2023
29,99,6.25,0,1/2/2023
29,0,6.25,0,1/2/2023
67,99,6.25,0,1/2/2023
67,0,6.25,0,1/2/2023
99,0,6.25,0,1/2/2023
1,4,31.25,0,1/2/2023
1,68,31.25,0,1/2/2023
1,13,31.25,0,1/2/2023
4,68,31.25,0,1/2/2023
4,13,31.25,0,1/2/2023
68,13,31.25,0,1/2/2023
20,175,50.0,0,1/2/2023
20,30,50.0,0,1/2/2023
20,40,50.0,0,1/2/2023
175,30,50.0,0,1/2/2023
175,40,50.0,0,1/2/2023
30,40,50.0,0,1/2/2023
76,55,31.25,0,1/2/2023
76,79,31.25,0,1/2/2023
76,43,31.25,0,1/2/2023
55,79,31.25,0,1/2/2023
55,43,31.25,0,1/2/2023
79,43,31.25,0,1/2/2023
92,31,75.0,0,1/2/2023
92,36,75.0,0,1/2/2023
92,135,75.0,0,1/2/2023
31,36,75.0,0,1/2/2023
31,135,75.0,0,1/2/2023
36,135,75.0,0,1/2/2023
38,165,87.5,1,1/2/2023
38,18,87.5,1,1/2/2023
38,148,87.5,1,1/2/2023
165,18,87.5,1,1/2/2023
165,148,87.5,1,1/2/2023
18,148,87.5,1,1/2/2023
9,11,6.25,0,1/2/2023
9,115,6.25,0,1/2/2023
9,12,6.25,0,1/2/2023
11,115,6.25,0,1/2/2023
11,12,6.25,0,1/2/2023
115,12,6.25,0,1/2/2023
176,5,62.5,0,1/2/2023
176,15,62.5,0,1/2/2023
176,56,62.5,0,1/2/2023
5,15,62.5,0,1/2/2023
5,56,62.5,0,1/2/2023
15,56,62.5,0,1/2/2023
6,56,59.375,0,1/10/2023
6,0,59.375,0,1/10/2023
56,0,59.375,0,1/10/2023
177,178,21.875,0,1/10/2023
177,179,21.875,0,1/10/2023
178,179,21.875,0,1/10/2023
67,30,21.875,0,1/10/2023
67,33,21.875,0,1/10/2023
30,33,21.875,0,1/10/2023
7,38,87.5,0,1/10/2023
7,148,87.5,0,1/10/2023
38,148,87.5,0,1/10/2023
31,92,78.125,0,1/10/2023
31,180,78.125,0,1/10/2023
92,180,78.125,0,1/10/2023
135,174,21.875,0,1/10/2023
135,70,21.875,0,1/10/2023
174,70,21.875,0,1/10/2023
40,73,59.375,0,1/10/2023
40,66,59.375,0,1/10/2023
73,66,59.375,0,1/10/2023
22,107,21.875,0,1/10/2023
22,23,21.875,0,1/10/2023
107,23,21.875,0,1/10/2023
13,9,59.375,0,1/10/2023
13,42,59.375,0,1/10/2023
9,42,59.375,0,1/10/2023
176,3,21.875,0,1/10/2023
176,181,21.875,0,1/10/2023
3,181,21.875,0,1/10/2023
55,8,93.75,1,1/10/2023
55,12,93.75,1,1/10/2023
8,12,93.75,1,1/10/2023
61,125,21.875,0,1/10/2023
61,118,21.875,0,1/10/2023
125,118,21.875,0,1/10/2023
18,5,78.125,0,1/10/2023
18,153,78.125,0,1/10/2023
5,153,78.125,0,1/10/2023
139,152,21.875,0,1/10/2023
139,136,21.875,0,1/10/2023
152,136,21.875,0,1/10/2023
111,147,59.375,0,1/10/2023
111,57,59.375,0,1/10/2023
147,57,59.375,0,1/10/2023
115,161,21.875,0,1/10/2023
115,117,21.875,0,1/10/2023
161,117,21.875,0,1/10/2023
31,92,91.66666666666667,1,1/16/2023
31,39,91.66666666666667,1,1/16/2023
31,36,91.66666666666667,1,1/16/2023
92,39,91.66666666666667,1,1/16/2023
92,36,91.66666666666667,1,1/16/2023
39,36,91.66666666666667,1,1/16/2023
65,147,29.166666666666657,0,1/16/2023
65,64,29.166666666666657,0,1/16/2023
65,63,29.166666666666657,0,1/16/2023
147,64,29.166666666666657,0,1/16/2023
147,63,29.166666666666657,0,1/16/2023
64,63,29.166666666666657,0,1/16/2023
46,12,29.166666666666657,0,1/16/2023
46,42,29.166666666666657,0,1/16/2023
46,143,29.166666666666657,0,1/16/2023
12,42,29.166666666666657,0,1/16/2023
12,143,29.166666666666657,0,1/16/2023
42,143,29.166666666666657,0,1/16/2023
20,38,29.166666666666657,0,1/16/2023
20,40,29.166666666666657,0,1/16/2023
20,148,29.166666666666657,0,1/16/2023
38,40,29.166666666666657,0,1/16/2023
38,148,29.166666666666657,0,1/16/2023
40,148,29.166666666666657,0,1/16/2023
87,1,83.33333333333334,0,1/16/2023
87,25,83.33333333333334,0,1/16/2023
87,182,83.33333333333334,0,1/16/2023
1,25,83.33333333333334,0,1/16/2023
1,182,83.33333333333334,0,1/16/2023
25,182,83.33333333333334,0,1/16/2023
161,115,29.166666666666657,0,1/16/2023
161,118,29.166666666666657,0,1/16/2023
161,117,29.166666666666657,0,1/16/2023
115,118,29.166666666666657,0,1/16/2023
115,117,29.166666666666657,0,1/16/2023
118,117,29.166666666666657,0,1/16/2023
55,21,70.83333333333333,0,1/16/2023
55,57,70.83333333333333,0,1/16/2023
55,8,70.83333333333333,0,1/16/2023
21,57,70.83333333333333,0,1/16/2023
21,8,70.83333333333333,0,1/16/2023
57,8,70.83333333333333,0,1/16/2023
56,9,29.166666666666657,0,1/16/2023
56,18,29.166666666666657,0,1/16/2023
56,4,29.166666666666657,0,1/16/2023
9,18,29.166666666666657,0,1/16/2023
9,4,29.166666666666657,0,1/16/2023
18,4,29.166666666666657,0,1/16/2023
33,79,29.166666666666657,0,1/16/2023
33,145,29.166666666666657,0,1/16/2023
33,78,29.166666666666657,0,1/16/2023
79,145,29.166666666666657,0,1/16/2023
79,78,29.166666666666657,0,1/16/2023
145,78,29.166666666666657,0,1/16/2023
13,183,29.166666666666657,0,1/16/2023
13,6,29.166666666666657,0,1/16/2023
13,48,29.166666666666657,0,1/16/2023
183,6,29.166666666666657,0,1/16/2023
183,48,29.166666666666657,0,1/16/2023
6,48,29.166666666666657,0,1/16/2023
30,165,70.83333333333333,0,1/16/2023
30,108,70.83333333333333,0,1/16/2023
30,111,70.83333333333333,0,1/16/2023
165,108,70.83333333333333,0,1/16/2023
165,111,70.83333333333333,0,1/16/2023
108,111,70.83333333333333,0,1/16/2023
15,153,29.166666666666657,0,1/16/2023
15,5,29.166666666666657,0,1/16/2023
15,104,29.166666666666657,0,1/16/2023
153,5,29.166666666666657,0,1/16/2023
153,104,29.166666666666657,0,1/16/2023
5,104,29.166666666666657,0,1/16/2023
6,57,21.875,0,1/23/2023
6,108,21.875,0,1/23/2023
57,108,21.875,0,1/23/2023
18,15,87.5,0,1/23/2023
18,119,87.5,0,1/23/2023
15,119,87.5,0,1/23/2023
43,31,59.375,0,1/23/2023
43,12,59.375,0,1/23/2023
31,12,59.375,0,1/23/2023
89,30,21.875,0,1/23/2023
89,111,21.875,0,1/23/2023
30,111,21.875,0,1/23/2023
38,55,78.125,0,1/23/2023
38,8,78.125,0,1/23/2023
55,8,78.125,0,1/23/2023
99,68,21.875,0,1/23/2023
99,23,21.875,0,1/23/2023
68,23,21.875,0,1/23/2023
40,42,59.375,0,1/23/2023
40,78,59.375,0,1/23/2023
42,78,59.375,0,1/23/2023
184,185,21.875,0,1/23/2023
184,46,21.875,0,1/23/2023
185,46,21.875,0,1/23/2023
36,39,59.375,0,1/23/2023
36,92,59.375,0,1/23/2023
39,92,59.375,0,1/23/2023
136,139,21.875,0,1/23/2023
136,138,21.875,0,1/23/2023
139,138,21.875,0,1/23/2023
5,153,78.125,0,1/23/2023
5,148,78.125,0,1/23/2023
153,148,78.125,0,1/23/2023
67,7,21.875,0,1/23/2023
67,64,21.875,0,1/23/2023
7,64,21.875,0,1/23/2023
13,56,93.75,1,1/23/2023
13,0,93.75,1,1/23/2023
56,0,93.75,1,1/23/2023
115,186,21.875,0,1/23/2023
115,116,21.875,0,1/23/2023
186,116,21.875,0,1/23/2023
32,59,21.875,0,1/23/2023
32,21,21.875,0,1/23/2023
59,21,21.875,0,1/23/2023
95,9,59.375,0,1/23/2023
95,33,59.375,0,1/23/2023
9,33,59.375,0,1/23/2023
65,147,34.375,0,2/1/2023
65,63,34.375,0,2/1/2023
65,64,34.375,0,2/1/2023
147,63,34.375,0,2/1/2023
147,64,34.375,0,2/1/2023
63,64,34.375,0,2/1/2023
152,138,53.125,0,2/1/2023
152,136,53.125,0,2/1/2023
152,139,53.125,0,2/1/2023
138,136,53.125,0,2/1/2023
138,139,53.125,0,2/1/2023
136,139,53.125,0,2/1/2023
38,20,81.25,0,2/1/2023
38,92,81.25,0,2/1/2023
38,148,81.25,0,2/1/2023
20,92,81.25,0,2/1/2023
20,148,81.25,0,2/1/2023
92,148,81.25,0,2/1/2023
180,7,9.375,0,2/1/2023
180,187,9.375,0,2/1/2023
180,188,9.375,0,2/1/2023
7,187,9.375,0,2/1/2023
7,188,9.375,0,2/1/2023
187,188,9.375,0,2/1/2023
15,184,65.625,0,2/1/2023
15,175,65.625,0,2/1/2023
15,18,65.625,0,2/1/2023
184,175,65.625,0,2/1/2023
184,18,65.625,0,2/1/2023
175,18,65.625,0,2/1/2023
76,171,34.375,0,2/1/2023
76,48,34.375,0,2/1/2023
76,79,34.375,0,2/1/2023
171,48,34.375,0,2/1/2023
171,79,34.375,0,2/1/2023
48,79,34.375,0,2/1/2023
8,21,87.5,0,2/1/2023
8,57,87.5,0,2/1/2023
8,55,87.5,0,2/1/2023
21,57,87.5,0,2/1/2023
21,55,87.5,0,2/1/2023
57,55,87.5,0,2/1/2023
91,33,34.375,0,2/1/2023
91,189,34.375,0,2/1/2023
91,69,34.375,0,2/1/2023
33,189,34.375,0,2/1/2023
33,69,34.375,0,2/1/2023
189,69,34.375,0,2/1/2023
13,12,53.125,0,2/1/2023
13,42,53.125,0,2/1/2023
13,108,53.125,0,2/1/2023
12,42,53.125,0,2/1/2023
12,108,53.125,0,2/1/2023
42,108,53.125,0,2/1/2023
45,172,9.375,0,2/1/2023
45,41,9.375,0,2/1/2023
45,66,9.375,0,2/1/2023
172,41,9.375,0,2/1/2023
172,66,9.375,0,2/1/2023
41,66,9.375,0,2/1/2023
28,31,93.75,1,2/1/2023
28,36,93.75,1,2/1/2023
28,39,93.75,1,2/1/2023
31,36,93.75,1,2/1/2023
31,39,93.75,1,2/1/2023
36,39,93.75,1,2/1/2023
90,115,9.375,0,2/1/2023
90,186,9.375,0,2/1/2023
90,190,9.375,0,2/1/2023
115,186,9.375,0,2/1/2023
115,190,9.375,0,2/1/2023
186,190,9.375,0,2/1/2023
58,40,75.0,0,2/1/2023
58,78,75.0,0,2/1/2023
58,56,75.0,0,2/1/2023
40,78,75.0,0,2/1/2023
40,56,75.0,0,2/1/2023
78,56,75.0,0,2/1/2023
89,30,34.375,0,2/1/2023
89,67,34.375,0,2/1/2023
89,111,34.375,0,2/1/2023
30,67,34.375,0,2/1/2023
30,111,34.375,0,2/1/2023
67,111,34.375,0,2/1/2023
153,5,65.625,0,2/1/2023
153,6,65.625,0,2/1/2023
153,2,65.625,0,2/1/2023
5,6,65.625,0,2/1/2023
5,2,65.625,0,2/1/2023
6,2,65.625,0,2/1/2023
144,145,9.375,0,2/1/2023
144,23,9.375,0,2/1/2023
144,143,9.375,0,2/1/2023
145,23,9.375,0,2/1/2023
145,143,9.375,0,2/1/2023
23,143,9.375,0,2/1/2023
92,39,23.4375,0,2/6/2023
95,33,60.9375,0,2/6/2023
95,92,60.9375,0,2/6/2023
33,92,60.9375,0,2/6/2023
46,12,79.6875,0,2/6/2023
46,104,79.6875,0,2/6/2023
46,92,79.6875,0,2/6/2023
12,104,79.6875,0,2/6/2023
12,92,79.6875,0,2/6/2023
104,92,79.6875,0,2/6/2023
133,104,23.4375,0,2/6/2023
13,14,60.9375,0,2/6/2023
13,64,60.9375,0,2/6/2023
14,64,60.9375,0,2/6/2023
64,176,23.4375,0,2/6/2023
2,31,89.0625,0,2/6/2023
2,139,89.0625,0,2/6/2023
2,13,89.0625,0,2/6/2023
31,139,89.0625,0,2/6/2023
31,13,89.0625,0,2/6/2023
139,13,89.0625,0,2/6/2023
136,139,23.4375,0,2/6/2023
5,191,79.6875,0,2/6/2023
5,161,79.6875,0,2/6/2023
5,7,79.6875,0,2/6/2023
191,161,79.6875,0,2/6/2023
191,7,79.6875,0,2/6/2023
161,7,79.6875,0,2/6/2023
161,192,23.4375,0,2/6/2023
20,7,60.9375,0,2/6/2023
20,42,60.9375,0,2/6/2023
7,42,60.9375,0,2/6/2023
9,42,23.4375,0,2/6/2023
65,193,60.9375,0,2/6/2023
65,18,60.9375,0,2/6/2023
193,18,60.9375,0,2/6/2023
18,70,23.4375,0,2/6/2023
0,21,96.875,1,2/6/2023
0,69,96.875,1,2/6/2023
0,65,96.875,1,2/6/2023
21,69,96.875,1,2/6/2023
21,65,96.875,1,2/6/2023
69,65,96.875,1,2/6/2023
194,69,23.4375,0,2/6/2023
45,40,23.4375,0,2/6/2023
68,23,79.6875,0,2/6/2023
68,40,79.6875,0,2/6/2023
68,57,79.6875,0,2/6/2023
23,40,79.6875,0,2/6/2023
23,57,79.6875,0,2/6/2023
40,57,79.6875,0,2/6/2023
58,57,60.9375,0,2/6/2023
58,155,60.9375,0,2/6/2023
57,155,60.9375,0,2/6/2023
127,155,23.4375,0,2/6/2023
1,182,89.0625,0,2/6/2023
1,73,89.0625,0,2/6/2023
1,15,89.0625,0,2/6/2023
182,73,89.0625,0,2/6/2023
182,15,89.0625,0,2/6/2023
73,15,89.0625,0,2/6/2023
73,41,23.4375,0,2/6/2023
15,195,23.4375,0,2/6/2023
76,79,60.9375,0,2/6/2023
76,15,60.9375,0,2/6/2023
79,15,60.9375,0,2/6/2023
6,148,23.4375,0,2/6/2023
135,156,93.75,0,2/6/2023
135,148,93.75,0,2/6/2023
135,30,93.75,0,2/6/2023
156,148,93.75,0,2/6/2023
156,30,93.75,0,2/6/2023
148,30,93.75,0,2/6/2023
4,30,60.9375,0,2/6/2023
4,196,60.9375,0,2/6/2023
30,196,60.9375,0,2/6/2023
85,197,23.4375,0,2/6/2023
8,55,60.9375,0,2/6/2023
8,143,60.9375,0,2/6/2023
55,143,60.9375,0,2/6/2023
144,143,23.4375,0,2/6/2023
175,153,79.6875,0,2/6/2023
175,115,79.6875,0,2/6/2023
175,55,79.6875,0,2/6/2023
153,115,79.6875,0,2/6/2023
153,55,79.6875,0,2/6/2023
115,55,79.6875,0,2/6/2023
115,117,23.4375,0,2/6/2023
147,92,59.375,0,2/16/2023
147,108,59.375,0,2/16/2023
147,31,59.375,0,2/16/2023
92,108,59.375,0,2/16/2023
92,31,59.375,0,2/16/2023
108,31,59.375,0,2/16/2023
115,161,21.875,0,2/16/2023
115,117,21.875,0,2/16/2023
115,186,21.875,0,2/16/2023
161,117,21.875,0,2/16/2023
161,186,21.875,0,2/16/2023
117,186,21.875,0,2/16/2023
30,4,21.875,0,2/16/2023
30,33,21.875,0,2/16/2023
30,89,21.875,0,2/16/2023
4,33,21.875,0,2/16/2023
4,89,21.875,0,2/16/2023
33,89,21.875,0,2/16/2023
45,129,87.5,0,2/16/2023
45,40,87.5,0,2/16/2023
45,78,87.5,0,2/16/2023
129,40,87.5,0,2/16/2023
129,78,87.5,0,2/16/2023
40,78,87.5,0,2/16/2023
20,38,78.125,0,2/16/2023
20,65,78.125,0,2/16/2023
20,21,78.125,0,2/16/2023
38,65,78.125,0,2/16/2023
38,21,78.125,0,2/16/2023
65,21,78.125,0,2/16/2023
127,19,21.875,0,2/16/2023
127,198,21.875,0,2/16/2023
127,199,21.875,0,2/16/2023
19,198,21.875,0,2/16/2023
19,199,21.875,0,2/16/2023
198,199,21.875,0,2/16/2023
13,39,59.375,0,2/16/2023
13,58,59.375,0,2/16/2023
13,165,59.375,0,2/16/2023
39,58,59.375,0,2/16/2023
39,165,59.375,0,2/16/2023
58,165,59.375,0,2/16/2023
111,70,21.875,0,2/16/2023
111,51,21.875,0,2/16/2023
111,163,21.875,0,2/16/2023
70,51,21.875,0,2/16/2023
70,163,21.875,0,2/16/2023
51,163,21.875,0,2/16/2023
2,148,59.375,0,2/16/2023
2,5,59.375,0,2/16/2023
2,18,59.375,0,2/16/2023
148,5,59.375,0,2/16/2023
148,18,59.375,0,2/16/2023
5,18,59.375,0,2/16/2023
79,76,21.875,0,2/16/2023
79,144,21.875,0,2/16/2023
79,143,21.875,0,2/16/2023
76,144,21.875,0,2/16/2023
76,143,21.875,0,2/16/2023
144,143,21.875,0,2/16/2023
180,8,93.75,1,2/16/2023
180,55,93.75,1,2/16/2023
180,12,93.75,1,2/16/2023
8,55,93.75,1,2/16/2023
8,12,93.75,1,2/16/2023
55,12,93.75,1,2/16/2023
152,138,21.875,0,2/16/2023
152,136,21.875,0,2/16/2023
152,139,21.875,0,2/16/2023
138,136,21.875,0,2/16/2023
138,139,21.875,0,2/16/2023
136,139,21.875,0,2/16/2023
15,175,59.375,0,2/16/2023
15,43,59.375,0,2/16/2023
15,153,59.375,0,2/16/2023
175,43,59.375,0,2/16/2023
175,153,59.375,0,2/16/2023
43,153,59.375,0,2/16/2023
184,66,21.875,0,2/16/2023
184,14,21.875,0,2/16/2023
184,156,21.875,0,2/16/2023
66,14,21.875,0,2/16/2023
66,156,21.875,0,2/16/2023
14,156,21.875,0,2/16/2023
0,9,21.875,0,2/16/2023
0,56,21.875,0,2/16/2023
0,6,21.875,0,2/16/2023
9,56,21.875,0,2/16/2023
9,6,21.875,0,2/16/2023
56,6,21.875,0,2/16/2023
85,133,78.125,0,2/16/2023
85,86,78.125,0,2/16/2023
85,7,78.125,0,2/16/2023
133,86,78.125,0,2/16/2023
133,7,78.125,0,2/16/2023
86,7,78.125,0,2/16/2023
78,41,9.375,0,2/22/2023
74,37,34.375,0,2/22/2023
8,55,93.75,1,2/22/2023
76,79,34.375,0,2/22/2023
65,38,65.625,0,2/22/2023
30,175,75.0,0,2/22/2023
13,28,34.375,0,2/22/2023
9,200,9.375,0,2/22/2023
40,45,9.375,0,2/22/2023
125,137,34.375,0,2/22/2023
0,24,81.25,0,2/22/2023
18,15,53.125,0,2/22/2023
92,31,87.5,0,2/22/2023
14,43,9.375,0,2/22/2023
1,25,53.125,0,2/22/2023
56,111,65.625,0,2/22/2023
14,57,78.125,0,2/27/2023
14,165,78.125,0,2/27/2023
57,165,78.125,0,2/27/2023
115,33,21.875,0,2/27/2023
115,148,21.875,0,2/27/2023
33,148,21.875,0,2/27/2023
76,109,59.375,0,2/27/2023
76,95,59.375,0,2/27/2023
109,95,59.375,0,2/27/2023
143,79,21.875,0,2/27/2023
143,201,21.875,0,2/27/2023
79,201,21.875,0,2/27/2023
135,36,87.5,0,2/27/2023
135,85,87.5,0,2/27/2023
36,85,87.5,0,2/27/2023
133,6,21.875,0,2/27/2023
133,139,21.875,0,2/27/2023
6,139,21.875,0,2/27/2023
65,12,59.375,0,2/27/2023
65,144,59.375,0,2/27/2023
12,144,59.375,0,2/27/2023
13,200,21.875,0,2/27/2023
13,202,21.875,0,2/27/2023
200,202,21.875,0,2/27/2023
58,203,59.375,0,2/27/2023
58,15,59.375,0,2/27/2023
203,15,59.375,0,2/27/2023
31,138,21.875,0,2/27/2023
31,68,21.875,0,2/27/2023
138,68,21.875,0,2/27/2023
30,175,78.125,0,2/27/2023
30,64,78.125,0,2/27/2023
175,64,78.125,0,2/27/2023
39,42,21.875,0,2/27/2023
39,7,21.875,0,2/27/2023
42,7,21.875,0,2/27/2023
20,38,93.75,1,2/27/2023
20,161,93.75,1,2/27/2023
38,161,93.75,1,2/27/2023
180,92,21.875,0,2/27/2023
180,83,21.875,0,2/27/2023
92,83,21.875,0,2/27/2023
8,73,59.375,0,2/27/2023
8,137,59.375,0,2/27/2023
73,137,59.375,0,2/27/2023
56,18,21.875,0,2/27/2023
56,55,21.875,0,2/27/2023
18,55,21.875,0,2/27/2023
144,24,87.5,0,3/21/2023
144,31,87.5,0,3/21/2023
144,115,87.5,0,3/21/2023
24,31,87.5,0,3/21/2023
24,115,87.5,0,3/21/2023
31,115,87.5,0,3/21/2023
76,57,21.875,0,3/21/2023
76,175,21.875,0,3/21/2023
76,33,21.875,0,3/21/2023
57,175,21.875,0,3/21/2023
57,33,21.875,0,3/21/2023
175,33,21.875,0,3/21/2023
118,18,59.375,0,3/21/2023
118,85,59.375,0,3/21/2023
118,7,59.375,0,3/21/2023
18,85,59.375,0,3/21/2023
18,7,59.375,0,3/21/2023
85,7,59.375,0,3/21/2023
40,180,21.875,0,3/21/2023
40,79,21.875,0,3/21/2023
40,201,21.875,0,3/21/2023
180,79,21.875,0,3/21/2023
180,201,21.875,0,3/21/2023
79,201,21.875,0,3/21/2023
25,12,59.375,0,3/21/2023
25,6,59.375,0,3/21/2023
25,177,59.375,0,3/21/2023
12,6,59.375,0,3/21/2023
12,177,59.375,0,3/21/2023
6,177,59.375,0,3/21/2023
30,127,21.875,0,3/21/2023
30,198,21.875,0,3/21/2023
30,135,21.875,0,3/21/2023
127,198,21.875,0,3/21/2023
127,135,21.875,0,3/21/2023
198,135,21.875,0,3/21/2023
28,92,78.125,0,3/21/2023
28,111,78.125,0,3/21/2023
28,116,78.125,0,3/21/2023
92,111,78.125,0,3/21/2023
92,116,78.125,0,3/21/2023
111,116,78.125,0,3/21/2023
38,204,21.875,0,3/21/2023
38,8,21.875,0,3/21/2023
38,95,21.875,0,3/21/2023
204,8,21.875,0,3/21/2023
204,95,21.875,0,3/21/2023
8,95,21.875,0,3/21/2023
65,148,93.75,1,3/21/2023
65,13,93.75,1,3/21/2023
65,179,93.75,1,3/21/2023
148,13,93.75,1,3/21/2023
148,179,93.75,1,3/21/2023
13,179,93.75,1,3/21/2023
20,83,21.875,0,3/21/2023
20,61,21.875,0,3/21/2023
20,55,21.875,0,3/21/2023
83,61,21.875,0,3/21/2023
83,55,21.875,0,3/21/2023
61,55,21.875,0,3/21/2023
136,5,59.375,0,3/21/2023
136,156,59.375,0,3/21/2023
136,99,59.375,0,3/21/2023
5,156,59.375,0,3/21/2023
5,99,59.375,0,3/21/2023
156,99,59.375,0,3/21/2023
139,161,21.875,0,3/21/2023
139,15,21.875,0,3/21/2023
139,117,21.875,0,3/21/2023
161,15,21.875,0,3/21/2023
161,117,21.875,0,3/21/2023
15,117,21.875,0,3/21/2023
9,0,78.125,0,3/21/2023
9,152,78.125,0,3/21/2023
9,138,78.125,0,3/21/2023
0,152,78.125,0,3/21/2023
0,138,78.125,0,3/21/2023
152,138,78.125,0,3/21/2023
70,64,21.875,0,3/21/2023
70,147,21.875,0,3/21/2023
70,14,21.875,0,3/21/2023
64,147,21.875,0,3/21/2023
64,14,21.875,0,3/21/2023
147,14,21.875,0,3/21/2023
153,42,59.375,0,3/21/2023
153,39,59.375,0,3/21/2023
153,133,59.375,0,3/21/2023
42,39,59.375,0,3/21/2023
42,133,59.375,0,3/21/2023
39,133,59.375,0,3/21/2023
91,50,21.875,0,3/21/2023
91,205,21.875,0,3/21/2023
91,1,21.875,0,3/21/2023
50,205,21.875,0,3/21/2023
50,1,21.875,0,3/21/2023
205,1,21.875,0,3/21/2023
83,85,59.375,0,3/31/2023
83,144,59.375,0,3/31/2023
85,144,59.375,0,3/31/2023
40,78,21.875,0,3/31/2023
40,48,21.875,0,3/31/2023
78,48,21.875,0,3/31/2023
24,0,93.75,1,3/31/2023
24,25,93.75,1,3/31/2023
0,25,93.75,1,3/31/2023
64,7,21.875,0,3/31/2023
64,99,21.875,0,3/31/2023
7,99,21.875,0,3/31/2023
203,35,59.375,0,3/31/2023
203,201,59.375,0,3/31/2023
35,201,59.375,0,3/31/2023
206,33,21.875,0,3/31/2023
206,95,21.875,0,3/31/2023
33,95,21.875,0,3/31/2023
31,28,78.125,0,3/31/2023
31,6,78.125,0,3/31/2023
28,6,78.125,0,3/31/2023
13,20,21.875,0,3/31/2023
13,79,21.875,0,3/31/2023
20,79,21.875,0,3/31/2023
58,66,78.125,0,3/31/2023
58,165,78.125,0,3/31/2023
66,165,78.125,0,3/31/2023
18,148,21.875,0,3/31/2023
18,5,21.875,0,3/31/2023
148,5,21.875,0,3/31/2023
147,108,59.375,0,3/31/2023
147,65,59.375,0,3/31/2023
108,65,59.375,0,3/31/2023
4,73,21.875,0,3/31/2023
4,76,21.875,0,3/31/2023
73,76,21.875,0,3/31/2023
38,175,87.5,0,3/31/2023
38,153,87.5,0,3/31/2023
175,153,87.5,0,3/31/2023
180,8,21.875,0,3/31/2023
180,55,21.875,0,3/31/2023
8,55,21.875,0,3/31/2023
111,30,59.375,0,3/31/2023
111,15,59.375,0,3/31/2023
30,15,59.375,0,3/31/2023
136,139,21.875,0,3/31/2023
136,137,21.875,0,3/31/2023
139,137,21.875,0,3/31/2023
